key,ios,iops,median
1,8177744,17036.944281637505,55514
32,420744657,876547.649196869,3316
128,451942473,941520.4471258932,12093
