key,ios,iops,median
1,8175826,17032.94709574384,55527
32,420536011,876113.2004442855,3316
128,451389084,940367.4292793808,12132
