key,ios,iops,median
1,67701571,141044.9182627563,7043
32,346951487,722813.6386639357,741
128,399807131,832909.6941961776,661
