key,ios,iops,median
1,67921342,141502.77133848344,7023
32,348174829,725361.6996116112,741
128,389811662,812086.4686077622,661
