key,ios,iops,median
8,262144,136139.0031653783,7143
16,524288,136286.2529580857,7134
32,1048576,136483.51443366948,7133
64,2097152,136503.7947386397,7134
128,4194304,135214.79299179674,7193
