key,ios,iops,median
1,5110370,511036.5400608308,7744
2,6921151,692114.3214128703,5911
4,7590582,759057.1317793624,791
8,7684839,768482.2969625185,741
16,7672921,767288.1065043499,712
32,7674603,767442.1462529014,691
64,7677808,767762.6752647387,651
128,7708586,770828.1680075012,652
256,7671582,767098.4899593766,642
