key,ios,iops,median
1,5113880,511387.5225425374,7725
2,6832582,683257.3879202562,6001
4,7186935,718688.9330148004,751
8,7190271,719025.6158115225,741
16,7186025,718599.07318141,721
32,7190509,719044.4040643602,692
64,7189067,718884.2075135715,661
128,7189700,718943.9330347816,661
256,7182575,718190.4256712531,652
512,7190106,718871.9568209987,661
