key,ios,iops,median
8,4096,111598.327539947,8659
16,8192,113155.9778215941,8658
32,16384,114060.48222758563,8659
64,32768,114258.27388922384,8656
128,65536,110480.55150766547,8948
192,98304,110643.04180655506,8950
