key,ios,iops,median
8,4096,110982.48354466564,8760
16,8192,113395.75221339388,8637
32,16384,114286.49633825968,8640
64,32768,114753.28589842647,8640
128,65536,110568.82738596846,8945
256,131072,110654.45969472977,8947
512,262144,110656.22349064017,8947
1024,524288,110781.20611088292,8946
2048,1048576,110766.72296843622,8948
