key,ios,iops,median
8,524288,119428.5141315109,8026
16,1048576,120870.58945412001,8033
32,2097152,119379.39839604474,8044
64,4194304,118863.0213698105,8051
128,8388608,113000.07119796507,8286
256,16777216,109531.62577650929,8293
512,33554432,106474.54688257417,8296
1024,67108864,98544.20425016861,8298
