key,ios,iops,median
8,524288,120453.60209085644,8031
16,1048576,120520.0470234472,8049
32,2097152,79983.76591400654,8058
64,4194304,72472.54917316882,8079
112,7340032,72902.84705189882,8305
