key,ios,iops,median
8,4096,110460.80845931309,8768
16,8192,113339.95654480763,8642
32,16384,114239.7187739423,8640
64,32768,114622.01749176481,8641
128,65536,110496.54936521186,8947
256,131072,110565.75011881503,8951
512,262144,110626.91966548824,8950
1024,524288,110605.41057767274,8952
2048,1048576,110473.37466081507,8953
