key,ios,iops,median
8,524288,123224.24666820088,8030
16,1048576,123163.78140894575,8033
32,2097152,122817.89936485574,8034
64,4194304,122497.21505842196,8034
128,8388608,119879.97305229165,8256
256,16777216,119051.97591463954,8261
512,33554432,115267.50391056848,8282
1024,67108864,115816.9665969398,8286
