key,ios,iops,median
8,524288,102198.06480776925,8038
16,1048576,92647.56732757989,8043
32,2097152,95982.5454651426,8060
64,4194304,90571.35896042414,8069
128,8388608,88911.25212194135,8301
256,16777216,85178.27720770032,8307
512,33554432,80115.98388923194,8310
1024,67108864,71939.6309246273,8310
