key,ios,iops,median
8,32768,122471.76334036054,8018
16,65536,122332.08339110971,8057
32,131072,122721.7471239883,8059
64,262144,122798.95426354765,8060
128,524288,122767.33252491556,8061
256,1048576,122693.01168533892,8061
512,2097152,122496.33945989107,8062
1024,4194304,122640.9693912042,8061
2048,8388608,122543.83673225992,8061
