key,ios,iops,median
8,524288,119979.92026116302,8014
16,1048576,119907.25230935658,8046
32,2097152,119006.64066499847,8054
64,4194304,118708.03224261169,8067
128,8388608,115990.49964091557,8300
256,16777216,115759.85603296293,8305
512,33554432,115667.135110939,8307
1024,67108864,115554.74487835744,8308
