key,ios,iops,median
8,4096,110972.5309119864,7084
16,8192,123373.88416439269,7083
32,16384,130478.21867861162,7084
64,32768,134181.6143646037,7093
128,65536,136215.59145284328,7093
256,131072,137219.11473239723,7093
512,262144,136801.7524793786,7153
1024,524288,136799.078832,7154
2048,1048576,137642.42681334616,7123
