key,ios,iops,median
8,262144,138024.48982322012,7093
16,524288,137906.99314470871,7094
32,1048576,137993.8444066748,7094
64,2097152,137860.64553129338,7094
128,4194304,137851.6676242008,7093
256,8388608,137753.6975302102,7093
512,16777216,136085.3005411426,7163
1024,33554432,135533.09981608627,7163
