key,ios,iops,median
8,32768,13238.220275837552,7083
16,65536,136499.04136166724,7083
32,131072,137558.17570198778,7083
64,262144,138116.4966252631,7073
128,524288,137477.3367533436,7133
256,1048576,137580.99261779402,7133
512,2097152,137584.9551598912,7133
1024,4194304,137253.59234827483,7143
2048,8388608,137228.2891504354,7143
