key,ios,iops,median
8,32768,133841.13398044428,7104
16,65536,135794.54706072377,7113
32,131072,137011.50462624145,7103
64,262144,137568.7378469027,7103
128,524288,137067.9136524128,7153
256,1048576,137526.22515360362,7134
