key,ios,iops,median
8,32768,134602.34602424892,7063
16,65536,136554.86945869352,7063
32,131072,137623.66542413514,7063
64,262144,138312.98621220593,7063
128,524288,137877.5032670195,7104
