key,ios,iops,median
8,524288,135674.19374338214,7133
16,1048576,135586.24031737598,7133
32,2097152,135463.65894349976,7134
64,4194304,135559.37746032525,7133
128,8388608,134638.9642307889,7193
