key,ios,iops,median
8,32768,136055.35443318755,7003
16,65536,137556.48881386753,7014
32,131072,138739.8448894631,7013
64,262144,139230.54738094762,7013
128,524288,139374.08630326655,7014
256,1048576,139605.69917761182,7014
512,2097152,139616.0532066945,7014
1024,4194304,139641.79680436832,7014
2048,8388608,139613.03370922143,7014
