key,ios,iops,median
8,32768,136055.35443318755,7083
16,65536,137556.48881386753,7083
32,131072,138739.8448894631,7084
64,262144,139230.54738094762,7083
128,524288,139374.08630326655,7084
256,1048576,139605.69917761182,7084
512,2097152,139616.0532066945,7084
1024,4194304,139641.79680436832,7084
2048,8388608,139613.03370922143,7084
