key,ios,iops,median
8,524288,137996.244312694,7104
16,1048576,138141.94967845647,7094
32,2097152,138163.15262874094,7094
64,4194304,136731.46102141676,7164
128,8388608,136668.3781338438,7164
