key,ios,iops,median
8,32768,135037.35129510332,7034
16,65536,137160.19686682418,7033
32,131072,138241.56476491166,7033
64,262144,138809.11918068826,7033
128,524288,139080.97281249234,7033
