key,ios,iops,median
8,65536,138399.41269283407,7103
16,131072,137137.3400338185,7104
32,262144,137589.63028005048,7104
64,524288,137515.95318287567,7113
128,1048576,137567.49636028658,7113
256,2097152,136124.8948932828,7174
512,4194304,136125.51449236693,7174
1024,8388608,136075.594556461,7174
