key,ios,iops,median
8,4096,111415.20898661585,7083
16,8192,123648.81743460402,7083
32,16384,130352.58823680389,7093
64,32768,134222.65839124666,7093
128,65536,135139.25814337548,7154
256,131072,136267.45650502623,7154
