key,ios,iops,median
8,32768,135053.26991753615,7053
16,65536,136453.0341340713,7074
32,131072,137543.359785476,7074
64,262144,138101.85223698904,7074
128,524288,137415.9917114417,7133
256,1048576,137601.58736457152,7133
512,2097152,137230.03681996325,7143
1024,4194304,137243.7185658691,7144
2048,8388608,137277.05505856685,7143
