key,ios,iops,median
8,65536,137125.58961063751,7134
16,131072,136979.38415330494,7134
32,262144,137074.61607605047,7134
64,524288,137125.48553138206,7124
128,1048576,136219.13922391733,7183
