key,ios,iops,median
8,4096,144209.77847216287,6893
16,8192,124252.00806837209,7003
32,16384,132557.56628256553,6933
64,32768,136036.98256372297,6993
128,65536,137680.87676550393,7013
256,131072,138788.50970698995,7004
512,262144,139174.40099936462,7013
1024,524288,139431.3872300452,7013
2048,1048576,139667.26976878475,7013
