key,ios,iops,median
8,32768,134992.58478003344,7063
16,65536,136448.5649466281,7083
32,131072,137460.2171247012,7083
64,262144,138053.55281234728,7083
128,524288,138180.39295116716,7083
256,1048576,138390.15410646185,7083
512,2097152,137684.7079530476,7123
1024,4194304,136877.3926382543,7144
2048,8388608,136550.0922457249,7153
