key,ios,iops,median
8,524288,138302.02458584018,7094
16,1048576,138016.03821215022,7094
32,2097152,138095.0697711263,7094
64,4194304,138018.22870718382,7093
128,8388608,136595.9907302111,7163
256,16777216,136857.9500463067,7163
512,33554432,136289.11114755363,7164
1024,67108864,136188.8870725571,7164
