key,ios,iops,median
8,32768,134261.4263693342,7094
16,65536,136138.47022375104,7093
32,131072,137200.29469298528,7093
64,262144,137862.88529685093,7093
128,524288,138093.1558727482,7093
256,1048576,138253.30239859966,7093
512,2097152,137103.12617797422,7144
1024,4194304,137027.79160695852,7153
2048,8388608,137240.235085115,7143
