key,ios,iops,median
1,8333300,138888.3043357702,7164
2,16314332,271905.4974871252,3687
4,34160332,569338.7859344268,1733
8,48131230,802185.8760966595,911
16,48136869,802278.8753120761,692
32,48133405,802221.6137538119,691
64,48140874,802345.0598322124,672
128,47859207,797647.1308931938,641
