key,ios,iops,median
1,16401069,136675.56010008603,7343
2,31731412,264428.40568497777,7574
4,61938646,516155.33824180247,7674
8,65440280,545335.6027371116,14738
16,65905426,549211.7668509729,29696
32,67552402,562936.460978892,59572
64,70076400,583969.5357966512,121619
