key,ios,iops,median
1,9985282,124815.8851723744,8255
2,19300708,241258.54510519333,8105
4,40268981,503361.6744093484,7855
8,42945081,536812.7309655288,14818
16,42751744,534395.1183972502,29866
32,42619899,532745.9647520608,59212
64,44495569,556165.4395848792,61877
