key,ios,iops,median
1,16614609,138455.06623348672,7193
2,31736900,264474.14521273185,7594
4,62548820,521240.11533432367,7614
8,66544544,554537.8027239551,14498
16,66760902,556340.7407316542,29235
32,67264811,560539.8715242633,59362
64,70093997,584116.1950293509,118984
