key,ios,iops,median
1,64893547,811156.7107726913,681
2,59754428,746919.229898027,732
4,57565997,719562.000112095,712
8,56147238,701824.9322379784,671
16,55682826,696006.2789705369,671
32,56129250,701558.9804011479,671
64,60225600,752668.9753385563,641
