key,ios,iops,median
1,10249487,128118.43586066918,7254
2,20897006,261212.26693396812,7574
4,40608842,507609.93616674887,7784
8,43200507,540005.3067290732,14718
16,42906220,536325.9631266976,29556
32,42690468,533627.8393138293,59763
64,43800145,547440.7388789221,59843
