key,ios,iops,median
1,10231049,127887.96332278935,7273
2,19165066,239563.0293691157,7795
4,39906441,498829.9485783654,7915
8,42153188,526914.0670338918,15148
16,42207174,527588.2178415577,30217
32,42128368,526601.9601703444,60895
64,47030346,587823.802351566,62849
