key,ios,iops,median
1,10030910,125386.24868229165,8425
2,21057171,263214.34571353643,7554
4,39038733,487983.58261638664,8065
8,43333006,541661.7024808774,14677
16,42996854,537459.1279846956,29526
32,42709551,533866.7776520648,59662
64,44211767,552618.5190417152,56055
