key,ios,iops,median
1,10341665,129270.68107606957,7213
2,20373193,254664.63476955885,7674
4,40485636,506069.7303846542,7774
8,44073911,550922.8883911464,14467
16,43690343,546127.575215084,29125
32,43369068,542110.5070529722,58971
64,44873932,560882.2059004392,56035
