key,ios,iops,median
1,10321337,129016.57575614032,7213
2,19957370,249466.8212660119,7605
4,40193939,502423.6702868955,7864
8,43955267,549439.8284391065,14537
16,43595027,544936.0873351085,29165
32,43345450,541815.300972366,58751
64,44104350,551256.6978634547,58580
