key,ios,iops,median
1,66491716,831138.0850610698,651
2,60156419,751948.1308006676,722
4,57373336,717154.8929813794,721
8,56118022,701459.3723559341,681
16,55464633,693278.8213381313,671
32,55497192,693657.4321311166,662
64,59919160,748832.8001910807,651
