key,ios,iops,median
1,16619178,138493.1377422032,7193
2,31774181,264784.8234462911,7585
4,62279731,518997.71555603645,7635
8,66164376,551369.7408990934,14527
16,65695145,547459.4334661426,29275
32,64920697,541005.6058960168,59422
64,65365083,544708.5990299927,119054
