key,ios,iops,median
1,64761378,809510.1199853857,681
2,60145095,751803.4729684727,731
4,57666636,720820.6835784488,721
8,56254490,703164.19247134,691
16,55532982,694133.4248886738,682
32,55580332,694697.2827450763,681
64,57182663,714613.8274441253,661
