key,ios,iops,median
1,1358335,135833.35848880713,7314
2,2632377,263237.4181138969,7604
4,5085788,508578.1773351225,7765
8,5456974,545696.6329655992,14698
16,5435818,543580.537267962,29595
32,5311627,531160.2787826407,61055
64,5373666,537361.665507221,122521
