key,ios,iops,median
1,1347712,134771.09301870636,7454
2,2643327,264332.38134434103,7584
4,5116434,511642.86657366465,7725
8,5503733,550372.1563262336,14547
16,5458781,545876.2624990481,29336
32,5444364,544433.3692757358,58901
64,5446610,544655.5808891661,118102
