key,ios,iops,median
1,1341061,134105.96743625117,7524
2,2640160,264015.7169492951,7584
4,5100448,510044.20876079093,7745
8,5496201,549619.342347005,14568
16,5452881,545286.7852778429,29376
32,5372115,537208.6855776283,59673
64,5375205,537514.9984700268,119606
