key,ios,iops,median
1,1352675,135267.36037703062,7344
2,2645328,264532.4454215207,7574
4,5114630,511462.4858561988,7735
8,5918896,591888.8062178997,14557
16,7031397,703137.8907376452,27752
32,9197753,919770.9118945377,36258
