key,ios,iops,median
1,1356789,135678.76258454926,7304
2,2640736,264073.35777051735,7584
4,5102854,510284.77135851106,7754
8,5940298,594029.0038228901,14548
16,6789357,678934.070773134,29145
32,8415204,841516.3127603644,40626
64,12070620,1207051.6266054062,52139
