key,ios,iops,median
1,1378768,137876.65794567933,7258
2,2611246,261124.2674432043,7702
4,5104616,510461.03852340445,7726
8,5061302,506129.4760407577,15571
16,5057458,505744.5126783855,31253
32,5102882,510218.1518489876,39098
64,5268876,526678.2430878269,39088
