key,ios,iops,median
8,32768,133039.45882627284,7163
16,65536,134742.31905919022,7164
32,131072,135857.23541423783,7163
64,262144,136538.76466049528,7154
128,524288,136818.42519949275,7154
256,1048576,136985.33955964982,7154
512,2097152,136966.9674797912,7154
1024,4194304,137006.40934242177,7154
2048,8388608,136849.56996590292,7164
