key,ios,iops,median
8,32768,133153.7870244674,7153
16,65536,135208.26836027182,7153
32,131072,136108.42989510717,7153
64,262144,136833.35628835237,7134
128,524288,137310.82782584513,7124
