key,ios,iops,median
8,16384,135862.8750952935,7133
16,32768,136288.8491616655,7113
32,65536,134900.91130615622,7144
64,131072,134966.94790306786,7144
128,262144,134020.75143409584,7203
