key,ios,iops,median
1,8258291,137638.15170408608,7259
2,15831408,263856.76348222396,3805
4,31855029,530916.8484746246,1838
8,36198937,603314.0277989535,1068
16,36928981,615482.4655226349,1067
32,36975497,616255.1797079137,1066
64,36855433,614251.0590966872,1085
128,36844083,614058.6738562344,1079
