key,ios,iops,median
1,67926621,141513.77113947942,7023
2,133391310,277898.52004740643,3587
4,272362828,567422.4812243159,1724
8,377423976,786299.4550859256,912
16,376933947,785277.9788694934,721
32,376815658,785031.7158481984,711
64,377109859,785643.0050841512,691
128,376866320,785134.0594747181,651
