key,ios,iops,median
1,66461658,138461.76101773788,7163
2,130648877,272185.1181568791,3657
4,271866617,566388.7069682728,1724
8,388742721,809880.5434423347,892
16,389911746,812315.0649545586,682
32,389862237,812211.4779836201,681
64,389851844,812188.2125428657,661
128,389886162,812259.5092820447,621
