key,ios,iops,median
1,47717995,795299.4650161006,701
2,44264826,737744.6161768578,761
4,42979000,716315.7458591963,722
8,42663661,711057.7944321409,681
16,43755953,729260.0688710492,751
32,45092549,751531.8846007135,751
64,48966689,816089.4058565998,741
