key,ios,iops,median
1,48400392,806670.2336987722,692
2,44440655,740675.8054060324,751
4,43955177,732583.3319694384,741
8,44108396,735136.0855112198,741
16,46135525,768920.5698256643,751
32,50535852,842252.7642178528,752
64,59314275,988544.8305754155,752
