key,ios,iops,median
1,48357575,805959.101625011,682
2,44452367,740872.2219379598,751
4,43025417,717089.0524017899,732
8,42873759,714559.6829878542,701
16,42250809,704175.5024609648,741
32,42322626,705367.6345524703,751
64,43221692,720342.3179653864,741
