key,ios,iops,median
1,1275843,127584.16032086128,7822
2,2502932,250292.9729716287,7938
4,4997097,499708.9038706088,7829
8,4996997,499698.96685063216,15767
16,4990265,499025.1624619394,31707
32,4738233,473820.9517583292,67170
64,4739210,473890.15817604394,84671
