key,ios,iops,median
1,1381937,138193.57698007778,7227
2,2638667,263866.38951653766,7632
4,5097201,509719.4596741513,7699
8,5098315,509830.78980659373,15504
16,5078023,507800.9922319866,31131
32,5095757,509570.3091862509,38952
64,5195974,519402.89309485914,38949
