key,ios,iops,median
1,1276995,127699.34526670333,7819
2,2514639,251463.57922151277,7911
4,5016259,501625.28914393636,7831
8,5013191,501318.226663822,15757
16,4996489,499647.22970757005,31660
32,5011852,501182.5183733464,63358
64,5066828,506650.8627816247,79076
