key,ios,iops,median
1,1276316,127631.40228619473,7823
2,2509114,250911.1476072037,7932
4,5009001,500899.53018727334,7834
8,4988500,498849.2036996494,15757
16,4996704,499668.81715975207,31664
32,4766045,476599.25412079593,66768
64,4772285,477221.7189390212,84589
