key,ios,iops,median
1,1375669,137566.71944368072,7241
2,2601910,260190.7037709351,7698
4,5059585,505957.8749100215,7724
8,5055353,505534.4861150897,15550
16,5048315,504830.0726646386,31204
32,5093069,509281.88588594896,39029
64,5275432,527388.0869876512,39021
