key,ios,iops,median
8,32768,122454.61730347945,8044
16,65536,122819.66859915302,8035
32,131072,123316.2248253632,8033
64,262144,123324.18908351038,8033
128,524288,119935.29400666022,8294
256,1048576,119602.67597208799,8324
512,2097152,119345.56674728282,8334
1024,4194304,119154.70046693034,8340
2048,8388608,119110.75098639216,8340
