key,ios,iops,median
8,32768,122159.49262355069,8053
16,65536,122143.2934887184,8096
32,131072,122363.52703090431,8099
