key,ios,iops,median
8,32768,122644.47003371874,8040
16,65536,122935.9413085778,8035
32,131072,123285.30819454798,8034
64,262144,123270.46225168275,8035
92,376832,120341.48628891572,8275
