key,ios,iops,median
1,1269506,126950.41387799822,7836
2,2512544,251254.0872344056,7917
4,5016372,501636.6075385996,7834
8,4995438,499542.94215576496,15767
16,4996701,499668.5654952652,31697
32,4754661,475463.3086305562,66980
64,4862244,486173.296341253,83771
