key,ios,iops,median
1,1234208,123420.69636364125,8128
2,2365348,236534.5466831841,8449
4,4597094,459708.74800522585,8540
8,4558794,455878.68571142515,17424
16,4565324,456530.7712206949,34941
32,4719545,471952.00569046324,67736
64,4839222,483884.21992241184,84667
