key,ios,iops,median
1,1275996,127599.48598985927,7821
2,2507973,250796.9319686013,7916
4,5015963,501595.68222059106,7828
8,5011290,501128.1563702257,15761
16,4996970,499695.52759620803,31703
32,5027534,502749.0656586911,63348
64,5096245,509595.9534720222,79150
