key,ios,iops,median
1,4127170,137572.29676203112,7234
2,7926963,264231.99702097906,7595
4,15572348,519078.1088495832,7634
8,16386107,546203.3234765456,14658
16,16259924,541997.0407772926,29546
32,15838032,527933.5237684614,60764
64,15876829,529226.0434516787,121669
