key,ios,iops,median
1,1350010,135000.83402997465,7374
2,2644079,264407.6255328754,7574
4,5101662,510165.70762299804,7755
8,5870489,587048.0714412313,14558
16,6753418,675340.1664188524,29165
32,8416082,841604.4171784201,40717
