key,ios,iops,median
1,4151384,138379.4179109851,7193
2,7925936,264197.7985859102,7604
4,15618422,520613.9162971675,7615
8,16523650,550788.1196280903,14537
16,16384322,546143.4043267474,29305
32,16142215,538072.879805706,59482
64,16119301,537308.202799483,119234
