key,ios,iops,median
1,1337459,133745.70961298238,7534
2,2642704,264270.06998192397,7574
4,5103764,510375.7373052871,7754
8,6038580,603857.0448344793,14517
16,6881260,688124.1428668464,28924
32,9136479,913643.6365062401,36469
