key,ios,iops,median
1,1363694,136369.289622697,7303
2,2638968,263896.53577485454,7594
4,5084019,508401.31953942357,7765
8,5464782,546477.4014324801,14677
16,5429042,542902.8997605756,29626
32,5303059,530303.4682270796,61125
64,5384061,538400.9439403344,122300
