key,ios,iops,median
1,1363711,136370.91182177878,7273
2,2645118,264511.4713383536,7574
4,5097925,509791.8815969496,7745
8,5503034,550302.199619771,14557
16,5456697,545667.8705126161,29345
32,5439723,543969.8894487147,58941
64,5446049,544598.9757809894,118093
